Age,Department,EmployeeID,YearsOfExperience,JobRole,MonthlyIncome,PayRaise
41,Sales,1,2,Sales Executive,5993,19479
,Research & Development,2,2,Research Scientist,5130,24907
37,Research & Development,4,1,Laboratory Technician,2090,2396
33,Research & Development,5,1,Research Scientist,2909,23159
27,Research & Development,7,1,Laboratory Technician,3468,16632
32,Research & Development,8,1,Laboratory Technician,3068,11864
48,,10,1,Laboratory Technician,2670,9964
30,Research & Development,11,1,Laboratory Technician,2693,13335
38,Research & Development,12,3,Manufacturing Director,9526,8787
36,Research & Development,13,2,Healthcare Representative,5237,16577
35,Research & Development,14,1,Laboratory Technician,2426,16479
29,Research & Development,15,2,Laboratory Technician,4193,12682
31,Research & Development,16,1,Research Scientist,2911,15170
34,Research & Development,18,1,Laboratory Technician,2661,
28,Research & Development,19,1,Laboratory Technician,2028,12947
29,Research & Development,20,3,Manufacturing Director,9980,10195
32,Research & Development,21,1,Research Scientist,3298,15053
22,Research & Development,22,1,Laboratory Technician,2935,7324
53,Sales,23,4,Manager,,22021
38,Research & Development,24,1,Research Scientist,3944,4306
24,Research & Development,26,2,Manufacturing Director,4011,8232
36,Sales,27,1,Sales Representative,3407,6986
34,Research & Development,28,3,Research Director,11994,21293
21,Research & Development,30,1,Research Scientist,1232,19281
34,Research & Development,31,1,Research Scientist,2960,17102
53,Research & Development,32,5,Manager,19094,10735
32,Research & Development,33,1,Research Scientist,3919,4681
42,Sales,35,2,Sales Executive,6825,21173
44,Research & Development,36,3,Healthcare Representative,10248,
46,Sales,38,5,Manager,18947,22822
33,Research & Development,39,1,Laboratory Technician,2496,6670
44,Research & Development,40,2,Healthcare Representative,6465,19121
30,Research & Development,41,1,Laboratory Technician,2206,16117
39,Sales,42,2,Sales Representative,2086,3335
244,Research & Development,45,1,Research Scientist,2293,3020
43,Research & Development,46,1,Research Scientist,2645,21923
50,Sales,47,1,Sales Representative,2683,3810
35,Sales,49,1,,2014,9687
36,Research & Development,51,1,Research Scientist,3419,13072
33,Sales,52,2,Sales Executive,5376,3193
35,Research & Development,53,1,Laboratory Technician,1951,10910
27,Research & Development,54,1,Laboratory Technician,2341,19715
26,Research & Development,55,1,Laboratory Technician,2293,10558
27,Sales,56,3,Sales Executive,8726,2975
30,Research & Development,57,2,Laboratory Technician,4011,10781
41,Research & Development,58,5,Research Director,19545,16280
34,Sales,60,2,Sales Executive,4568,10034
37,Research & Development,61,1,Research Scientist,3022,
46,Sales,62,2,Sales Executive,5772,20445
35,Research & Development,63,1,Laboratory Technician,2269,4892
48,Research & Development,64,3,Laboratory Technician,5381,19294
28,Research & Development,65,1,Laboratory Technician,3441,11179
44,Sales,68,2,Sales Executive,5454,4009
35,Research & Development,70,3,Healthcare Representative,9884,8302
26,Sales,72,2,Sales Executive,4157,21436
33,Research & Development,73,3,Research Director,13458,15146
35,Sales,74,3,Sales Executive,9069,11031
,Research & Development,,1,Laboratory Technician,4014,16002
31,Research & Development,76,2,Laboratory Technician,5915,9528
37,Research & Development,77,2,Manufacturing Director,5993,2689
32,Research & Development,78,2,Manufacturing Director,6162,10877
38,Research & Development,79,2,Laboratory Technician,2406,5456
50,Research & Development,80,5,Research Director,18740,16701
59,Sales,81,3,Sales Executive,7637,2354
36,Research & Development,83,3,Healthcare Representative,10096,8202
55,Research & Development,84,4,Manager,14756,19730
36,Research & Development,85,2,Manufacturing Director,6499,22656
45,Research & Development,,3,Research Scientist,9724,18787
35,Research & Development,88,1,Research Scientist,2194,5868
36,Research & Development,90,1,Research Scientist,3388,21777
59,Sales,91,2,Sales Executive,5473,24668
29,Research & Development,94,1,Research Scientist,2703,4956
31,Research & Development,95,1,Research Scientist,2501,18775
32,Research & Development,96,2,Research Scientist,6220,7346
36,Research & Development,97,1,Laboratory Technician,3038,22002
31,Research & Development,98,2,Manufacturing Director,4424,20682
35,Sales,100,2,Sales Executive,4312,23016
45,Research & Development,101,3,Research Director,13245,15067
37,Research & Development,102,3,Research Director,13664,25258
46,Human Resources,103,2,Human Resources,5021,10425
30,Research & Development,104,2,Laboratory Technician,5126,15998
35,Research & Development,105,1,Research Scientist,2859,26278
55,Sales,106,3,,10239,18092
38,Research & Development,107,2,Research Scientist,5329,15717
34,Research & Development,110,2,Manufacturing Director,4325,17736
56,Research & Development,112,3,Manufacturing Director,7260,21698
23,Sales,113,1,Sales Representative,2322,9518
51,Research & Development,116,1,Laboratory Technician,2075,18725
30,Research & Development,117,2,Healthcare Representative,4152,15830
46,Sales,118,3,Sales Executive,9619,13596
40,Research & Development,119,4,Healthcare Representative,13503,14115
51,Sales,120,2,Sales Executive,5441,8423
30,Sales,121,,Sales Executive,5209,19760
46,Research & Development,124,3,Healthcare Representative,10673,3142
32,Sales,125,2,Sales Executive,5010,24301
54,Research & Development,126,3,Research Director,13549,24001
,Sales,128,2,Sales Executive,4999,17519
28,Sales,129,2,Sales Executive,4221,8863
48,Sales,131,4,Sales Executive,13872,24409
44,Research & Development,132,2,Laboratory Technician,2042,25043
37,Human Resources,133,1,Human Resources,2073,23648
32,Research & Development,134,1,Research Scientist,2956,15178
20,Research & Development,137,1,Laboratory Technician,2926,19783
34,Research & Development,138,2,Research Scientist,4809,12482
37,Research & Development,139,2,Healthcare Representative,5163,15850
59,Human Resources,140,5,Manager,18844,21922
50,Research & Development,141,5,Research Director,18172,9755
250,Sales,142,2,Sales Executive,5744,26959
25,Research & Development,143,1,Research Scientist,2889,26897
22,Research & Development,144,1,Laboratory Technician,2871,23785
51,Research & Development,145,3,Healthcare Representative,7484,25796
34,Research & Development,147,2,Laboratory Technician,6074,22887
54,Human Resources,148,4,Manager,17328,13871
24,Research & Development,150,1,Laboratory Technician,2774,13257
34,Research & Development,151,2,Research Scientist,4505,15000
37,Sales,152,3,Sales Executive,7428,14506
34,Research & Development,153,3,Manager,11631,5615
36,Sales,154,3,Sales Executive,9738,22952
36,Research & Development,155,1,Laboratory Technician,2835,2561
43,Sales,158,4,Manager,16959,19494
30,Research & Development,159,1,Research Scientist,2613,22310
33,Sales,160,2,Sales Executive,6146,15480
56,Research & Development,161,1,Research Scientist,4963,4510
51,Research & Development,,5,Research Director,19537,6462
31,Sales,163,2,Sales Executive,6172,20739
26,Research & Development,164,1,Research Scientist,2368,23300
48,Research & Development,165,3,Healthcare Representative,10312,3465
,Sales,167,1,Sales Representative,1675,26820
22,Research & Development,169,1,Laboratory Technician,2523,19299
49,Research & Development,170,2,Manufacturing Director,6567,5549
43,Research & Development,171,1,Research Scientist,4739,16090
50,Sales,174,3,Sales Executive,9208,6645
31,Sales,175,2,Sales Executive,4559,24788
41,Sales,176,3,Sales Executive,8189,21196
26,Human Resources,177,1,Human Resources,2942,8916
36,Research & Development,178,2,Manufacturing Director,4941,2819
51,Research & Development,179,3,Manufacturing Director,10650,25150
39,Sales,182,2,Sales Executive,5902,14590
25,Sales,183,2,Sales Executive,8639,24835
,Human Resources,184,2,Human Resources,6347,13982
32,Research & Development,190,1,Laboratory Technician,4200,10224
45,Research & Development,192,1,Research Scientist,,9752
38,Research & Development,193,2,Research Scientist,4317,2302
30,Research & Development,194,1,Research Scientist,2632,23910
32,Sales,195,2,Sales Executive,4668,22812
30,Research & Development,197,1,Research Scientist,3204,10415
30,Research & Development,198,1,Laboratory Technician,2720,11162
41,Research & Development,199,4,Manager,17181,12888
41,Research & Development,200,1,Laboratory Technician,2238,6961
19,Research & Development,201,1,Laboratory Technician,1483,16102
40,Research & Development,202,2,Research Scientist,5605,8504
35,Sales,204,3,Sales Executive,7295,11439
533,Sales,205,2,Sales Representative,2306,16047
45,Research & Development,206,2,Laboratory Technician,2348,10901
32,Sales,207,3,Sales Executive,8998,15589
29,Research & Development,208,2,Manufacturing Director,4319,26283
51,Research & Development,211,2,Manufacturing Director,6132,13983
48,Research & Development,214,1,Research Scientist,3346,11873
40,Sales,215,3,Sales Executive,10855,8552
34,Sales,216,1,Sales Representative,2231,11314
22,Research & Development,217,1,Research Scientist,2323,11992
27,Research & Development,218,111,Research Scientist,2024,5970
28,Research & Development,221,1,Research Scientist,2713,6672
57,Research & Development,223,3,Healthcare Representative,9439,23402
27,Research & Development,224,1,Research Scientist,2566,25326
50,Research & Development,226,5,Manager,19926,17053
41,Research & Development,227,1,Research Scientist,2451,4609
,Sales,228,3,Sales Executive,9419,8053
38,Sales,230,2,Sales Executive,8686,12930
32,Research & Development,231,1,Research Scientist,3038,12430
27,Research & Development,233,1,Research Scientist,3058,13364
19,Sales,235,1,Sales Representative,2325,20989
36,Research & Development,238,1,Laboratory Technician,2088,15062
30,Research & Development,239,2,Laboratory Technician,3072,11012
45,Sales,240,2,Sales Executive,5006,6319
56,Research & Development,241,1,Research Scientist,4257,13939
33,Research & Development,242,1,Research Scientist,2500,10515
19,Research & Development,243,1,Laboratory Technician,1102,9241
46,Sales,244,3,Sales Executive,10453,2137
38,Research & Development,245,1,Laboratory Technician,2288,6319
31,Research & Development,246,1,Research Scientist,3929,6984
34,Research & Development,247,1,Research Scientist,2311,5711
41,Sales,248,1,Sales Representative,3140,21728
50,Research & Development,249,1,Laboratory Technician,3690,3425
53,Research & Development,250,2,Manufacturing Director,,26250
33,Research & Development,252,1,Research Scientist,2756,4673
40,Research & Development,253,5,Manager,19033,6499
55,Research & Development,254,5,Research Director,18722,13339
34,Research & Development,256,2,Manufacturing Director,9547,14074
51,Research & Development,258,4,Healthcare Representative,13734,7192
52,Research & Development,259,5,Manager,19999,5678
27,Research & Development,260,1,Research Scientist,2279,11781
35,Research & Development,261,2,Manufacturing Director,5916,15497
43,Research & Development,262,1,Research Scientist,2089,5228
45,Research & Development,264,4,Manager,16792,20462
37,Research & Development,267,1,Research Scientist,3564,22977
35,Research & Development,269,2,Laboratory Technician,4425,15986
42,Research & Development,270,2,Manufacturing Director,5265,16439
38,Research & Development,271,2,Manufacturing Director,6553,7259
38,Research & Development,273,2,Manufacturing Director,6261,4185
27,Research & Development,,2,Manufacturing Director,4298,9679
49,Research & Development,275,2,Manufacturing Director,6804,23793
34,Research & Development,277,1,Research Scientist,3815,5972
40,Research & Development,281,2,Laboratory Technician,2741,16523
38,Research & Development,282,2,Healthcare Representative,6673,11354
29,Sales,283,3,Sales Executive,7639,24525
22,Research & Development,284,1,Research Scientist,2328,12392
36,Research & Development,286,1,Laboratory Technician,2153,7703
40,Research & Development,287,2,Healthcare Representative,4876,14242
46,Research & Development,288,3,Healthcare Representative,9396,12368
32,Sales,291,3,Sales Executive,10400,25812
30,Research & Development,292,3,Manufacturing Director,8474,20925
27,Sales,293,2,Sales Executive,888889981,12916
51,Research & Development,296,3,Research Director,12490,15736
30,Research & Development,297,1,Research Scientist,2657,8556
41,Sales,298,3,Manager,13591,14674
30,Sales,299,2,Sales Executive,6696,22967
29,Research & Development,300,1,Research Scientist,2058,19757
45,Sales,302,3,Sales Executive,,16840
54,Sales,303,2,Sales Executive,5940,17011
36,Research & Development,304,2,Laboratory Technician,5914,9945
33,Research & Development,305,1,Research Scientist,2622,13248
37,Research & Development,306,3,Research Director,12185,10056
,Sales,307,3,Sales Executive,10609,9647
31,Research & Development,308,2,Manufacturing Director,4345,4381
59,Research & Development,309,1,Research Scientist,2177,8456
37,Sales,311,1,Sales Representative,2793,2539
299,Sales,312,3,Sales Executive,7918,6599
35,Sales,314,3,Sales Executive,8789,9096
29,Research & Development,315,1,Research Scientist,2389,14961
52,Research & Development,316,1,Laboratory Technician,3212,3300
42,Research & Development,319,5,Manager,19232,4933
59,Human Resources,321,1,Human Resources,2267,25657
50,Sales,323,5,Manager,19517,24118
33,Research & Development,325,1,Laboratory Technician,2436,22149
43,Sales,327,4,Manager,16064,7744
33,Research & Development,328,1,Laboratory Technician,2707,21509
52,Sales,329,5,Manager,19068,21030
32,Sales,330,1,Sales Representative,3931,20990
32,Research & Development,331,1,Laboratory Technician,3730,9571
39,Research & Development,332,1,Laboratory Technician,2232,15417
32,,333,2,Sales Executive,4465,12069
41,Research & Development,334,2,Research Scientist,3072,19877
40,Research & Development,335,2,Research Scientist,3319,24447
45,Research & Development,336,5,Manager,19202,15970
31,Research & Development,337,3,Research Director,13675,13523
33,Research & Development,338,1,Research Scientist,2911,14776
34,Research & Development,339,2,Manufacturing Director,5957,23687
37,Research & Development,340,1,Research Scientist,3920,18697
45,Research & Development,341,2,Manufacturing Director,6434,5118
37,Research & Development,342,3,Manufacturing Director,10048,22573
39,Research & Development,343,3,Healthcare Representative,10938,6420
29,Research & Development,346,1,Research Scientist,2340,22673
42,Research & Development,347,2,Research Scientist,6545,23016
29,Sales,349,2,Sales Executive,6931,10732
25,Research & Development,350,2,Manufacturing Director,4898,7505
42,Research & Development,351,1,Laboratory Technician,2593,8007
40,Research & Development,352,5,Research Director,19436,5949
51,Research & Development,353,1,Research Scientist,2723,
31,Research & Development,355,1,Laboratory Technician,3479,11652
32,Research & Development,359,1,Laboratory Technician,2794,26062
38,Sales,361,2,Sales Executive,5249,19682
32,Research & Development,362,2,Laboratory Technician,2176,19737
46,Sales,363,4,Manager,16872,14977
28,Research & Development,364,1,Laboratory Technician,3485,14935
29,Sales,366,2,Sales Executive,6644,3687
31,Research & Development,367,2,Healthcare Representative,5582,14408
25,Research & Development,369,2,Healthcare Representative,4000,18384
45,Research & Development,372,4,Healthcare Representative,13496,7501
36,Research & Development,373,1,Laboratory Technician,3210,20251
,Research & Development,374,5,Manager,19045,18938
47,Research & Development,376,3,Manager,11849,10268
28,Research & Development,377,1,Research Scientist,2070,2613
37,Sales,378,2,Sales Executive,6502,22825
21,Research & Development,379,1,Research Scientist,3230,10531
37,Research & Development,380,3,Research Director,13603,11677
35,Research & Development,381,3,Manager,11996,19100
38,Sales,382,2,Sales Executive,5605,19191
26,Research & Development,384,2,Manufacturing Director,6397,26767
50,Research & Development,385,5,Research Director,19144,15815
53,Research & Development,386,4,Research Director,17584,21016
42,Sales,387,2,Sales Executive,4907,24532
29,Sales,388,2,Sales Executive,4554,20260
55,Research & Development,389,2,Laboratory Technician,5415,15972
26,Research & Development,390,2,Healthcare Representative,4741,22722
37,Research & Development,391,1,Research Scientist,2115,15881
44,Research & Development,392,1,Laboratory Technician,3161,19920
38,Research & Development,393,2,Healthcare Representative,5745,18899
26,Research & Development,394,1,Laboratory Technician,2373,14180
28,Research & Development,395,1,Research Scientist,3310,4488
49,Research & Development,396,5,Research Director,18665,25594
36,Research & Development,397,2,Research Scientist,4485,26285
31,Sales,399,1,Sales Representative,2789,3909
26,Sales,401,2,Sales Executive,5828,8450
37,Research & Development,403,1,Research Scientist,2326,11411
42,Sales,404,4,Sales Executive,13525,14864
18,Research & Development,405,1,Laboratory Technician,1420,25233
35,Sales,406,3,,8020,5100
36,Research & Development,407,1,Laboratory Technician,3688,7122
51,Research & Development,408,2,Manufacturing Director,5482,16321
41,Sales,410,4,Manager,16015,15896
18,Sales,411,1,Sales Representative,1200,9724
28,Research & Development,412,2,Healthcare Representative,5661,4824
31,Sales,416,2,Sales Executive,6929,12241
39,Research & Development,417,3,Healthcare Representative,9613,10942
36,Research & Development,419,2,Laboratory Technician,5674,6927
32,Sales,420,2,Sales Executive,5484,16985
38,Research & Development,421,3,Research Director,12061,26707
48,Research & Development,422,2,Healthcare Representative,5660,17056
31,Research & Development,423,1,Research Scientist,4821,10077
31,Human Resources,424,2,Human Resources,6410,17822
45,Research & Development,425,3,Laboratory Technician,5210,20308
31,Research & Development,426,1,Research Scientist,2695,7747
33,Research & Development,428,3,Manager,11878,23364
39,Research & Development,429,4,Manager,17068,5355
43,Research & Development,430,1,Laboratory Technician,2455,10675
49,Research & Development,431,4,Healthcare Representative,13964,17810
52,Research & Development,433,2,Research Scientist,4941,17747
27,Research & Development,434,1,Research Scientist,2478,20938
32,Sales,436,2,Sales Executive,5228,24624
27,Sales,437,2,Sales Executive,4478,5242
31,Sales,438,2,Sales Executive,7547,7143
32,Research & Development,439,2,Research Scientist,5055,10557
28,Research & Development,440,1,Research Scientist,3464,24737
30,Research & Development,441,2,Research Scientist,5775,11934
31,Research & Development,442,3,Manufacturing Director,8943,14034
39,Research & Development,444,5,Manager,19272,21141
39,Sales,445,2,Sales Executive,5238,17778
33,Sales,446,2,Sales Executive,4682,4317
47,Research & Development,447,5,Research Director,18300,16375
43,Research & Development,448,2,Laboratory Technician,5257,6227
27,Sales,449,2,Sales Executive,6349,22107
54,Research & Development,450,2,Research Scientist,4869,16885
43,Research & Development,451,3,Healthcare Representative,9985,9262
45,Research & Development,452,2,Research Scientist,3697,9278
40,Sales,453,2,Sales Executive,7457,13273
29,Research & Development,454,1,Laboratory Technician,2119,4759
29,Research & Development,455,1,Laboratory Technician,3983,7621
30,Sales,456,2,Sales Executive,6118,5431
27,Sales,458,2,Sales Executive,6214,3415
37,Research & Development,460,2,Manufacturing Director,6347,23177
38,Research & Development,461,3,Research Director,11510,15682
31,Research & Development,462,3,Manufacturing Director,7143,25713
29,Sales,463,2,Sales Executive,8268,11866
35,Research & Development,464,3,Manufacturing Director,8095,18264
23,Research & Development,465,1,Research Scientist,2904,16092
41,Research & Development,466,2,Manufacturing Director,6032,10110
47,Sales,467,2,Sales Representative,2976,25751
42,Research & Development,468,4,Research Director,15992,15901
29,Sales,469,2,Sales Executive,4649,16928
42,Human Resources,470,1,Human Resources,2696,24017
32,Research & Development,471,1,Laboratory Technician,2370,3956
48,Sales,473,3,Manager,12504,23978
37,Research & Development,474,2,Research Scientist,5974,17001
30,Sales,475,2,Sales Executive,4736,6069
26,Sales,,2,Sales Executive,5296,20156
42,Research & Development,477,2,Healthcare Representative,6781,17078
21,Sales,478,1,Sales Representative,2174,9150
36,Sales,479,2,Sales Executive,6653,15276
36,Sales,481,3,Sales Executive,9699,7246
57,Research & Development,482,2,Healthcare Representative,6755,2967
40,Research & Development,483,1,Laboratory Technician,2213,22495
21,Sales,484,1,Sales Representative,2610,2851
33,Sales,485,1,Sales Representative,2851,9150
37,Research & Development,486,1,Laboratory Technician,3452,17663
46,Research & Development,487,2,Manufacturing Director,5258,16044
41,Sales,,2,Sales Executive,9355,9558
50,Research & Development,491,3,Healthcare Representative,10496,2755
40,Sales,492,2,Sales Executive,6380,6110
31,Research & Development,493,1,Research Scientist,2657,7551
21,Sales,156,1,Sales Representative,2716,25422
29,Research & Development,495,1,Research Scientist,2201,18168
35,Research & Development,496,2,Healthcare Representative,6540,19394
27,Research & Development,497,1,Laboratory Technician,3816,17881
28,Sales,498,2,Sales Executive,5253,20750
49,Research & Development,499,3,Healthcare Representative,10965,12066
51,Sales,500,2,Sales Executive,4936,14862
36,Research & Development,501,1,Research Scientist,2543,11868
34,Sales,502,2,Sales Executive,5304,4652
55,Research & Development,505,4,Manager,,23258
24,Sales,507,2,Sales Executive,4260,5915
30,Sales,508,1,Sales Representative,2476,17434
26,Research & Development,510,1,Research Scientist,3102,6582
22,Research & Development,511,1,Research Scientist,2244,24440
36,Sales,513,3,Sales Executive,7596,3809
30,Research & Development,514,1,Research Scientist,2285,3427
37,Research & Development,515,1,Laboratory Technician,3034,26914
40,Sales,516,2,Sales Executive,5715,22553
42,Research & Development,517,1,Laboratory Technician,2576,20490
37,Research & Development,518,2,Manufacturing Director,4197,21123
43,Research & Development,520,4,Research Director,14336,4345
40,Research & Development,521,2,Laboratory Technician,3448,13436
54,Research & Development,522,5,Research Director,19406,8509
34,Sales,523,2,Sales Executive,6538,12740
31,Research & Development,524,2,Manufacturing Director,4306,4156
43,Research & Development,525,1,Laboratory Technician,2258,15238
43,Research & Development,526,2,Healthcare Representative,4522,2227
25,Sales,527,2,Sales Executive,4487,12090
37,Research & Development,529,2,Research Scientist,4449,23866
31,Research & Development,530,1,Laboratory Technician,2218,16193
39,Research & Development,531,5,Manager,19197,8213
56,Sales,532,4,Sales Executive,13212,18256
30,Sales,533,2,Sales Executive,6577,19558
41,Sales,534,3,Sales Executive,8392,19566
28,Research & Development,536,2,Laboratory Technician,4558,13535
25,Research & Development,538,1,Laboratory Technician,4031,9396
52,Research & Development,543,3,Manufacturing Director,7969,19609
45,Research & Development,544,1,Research Scientist,2654,9655
52,Research & Development,546,4,Manager,16555,10310
42,Research & Development,547,2,Research Scientist,4556,12932
30,Research & Development,548,2,Manufacturing Director,6091,24793
50,Research & Development,549,5,Manager,19566,3854
46,Research & Development,550,2,Manufacturing Director,,26314
42,Research & Development,551,2,Healthcare Representative,4523,4386
24,Sales,554,1,Sales Representative,3202,21972
34,Sales,555,1,Sales Representative,2351,12253
38,Research & Development,556,1,Laboratory Technician,1702,12106
40,Sales,558,5,Manager,18041,13022
26,Research & Development,560,1,Research Scientist,2886,3032
30,Research & Development,562,1,Laboratory Technician,2097,16734
29,Research & Development,564,3,Research Director,11935,21526
29,Research & Development,565,1,Research Scientist,2546,18300
199,Human Resources,566,1,Human Resources,2564,18437
30,Sales,567,3,Sales Executive,8412,2890
57,Sales,568,4,Manager,14118,22102
50,Research & Development,569,4,Manager,17046,9314
30,Research & Development,571,1,Laboratory Technician,2564,7181
50,Sales,573,3,Sales Executive,10266,2845
47,Research & Development,574,2,Manufacturing Director,5070,7389
46,Research & Development,575,4,Research Director,17861,2288
35,Research & Development,577,1,Laboratory Technician,4230,19225
54,Research & Development,578,2,Laboratory Technician,3780,23428
34,Research & Development,579,1,Research Scientist,2768,8416
46,Sales,580,3,Sales Executive,9071,11563
31,Research & Development,581,3,Manufacturing Director,10648,14394
33,Research & Development,582,3,Manager,13610,24619
33,Research & Development,584,1,Laboratory Technician,3408,6705
30,Sales,585,1,Sales Representative,2983,18398
35,Research & Development,586,3,Healthcare Representative,7632,14295
31,Research & Development,587,3,Healthcare Representative,9824,22908
34,Human Resources,590,3,Human Resources,9950,11533
42,Research & Development,591,1,Laboratory Technician,2093,9260
36,Sales,592,3,Sales Executive,9980,15318
22,Research & Development,593,1,Laboratory Technician,3894,9129
48,Sales,595,2,Sales Executive,4051,19658
55,Sales,597,4,Manager,16835,9873
41,Sales,599,2,Sales Executive,6230,13430
,Sales,600,2,Sales Executive,4717,18659
40,Research & Development,601,4,Manufacturing Director,13237,20364
39,Research & Development,602,1,Laboratory Technician,3755,17872
31,Sales,604,2,Sales Executive,6582,8346
42,Research & Development,605,3,Manufacturing Director,7406,6950
45,Sales,606,2,Sales Executive,4805,16177
26,Human Resources,608,1,Human Resources,2741,22808
29,Research & Development,611,2,Manufacturing Director,4262,22645
33,Research & Development,612,4,Research Director,16184,22578
31,Sales,613,3,Manager,11557,25291
18,Sales,614,1,Sales Representative,1878,8059
40,Sales,615,3,Sales Executive,10932,11373
41,Research & Development,616,2,Healthcare Representative,6811,2112
26,Sales,618,2,Sales Executive,4306,4267
35,Sales,620,2,Sales Executive,4859,6698
34,Sales,621,2,Sales Executive,5337,19921
26,Research & Development,622,1,Laboratory Technician,2340,23213
37,Research & Development,623,3,Manufacturing Director,7491,23848
46,Research & Development,624,3,Healthcare Representative,10527,8984
41,Sales,625,4,Manager,16595,5626
37,Sales,626,3,Sales Executive,8834,24666
52,Research & Development,630,2,Research Scientist,5577,22087
32,Sales,631,2,Sales Executive,4707,23914
24,Sales,632,1,Sales Representative,2400,5530
38,Research & Development,634,2,Healthcare Representative,9824,
37,Research & Development,635,2,Manufacturing Director,6447,15701
49,Research & Development,638,5,Research Director,19502,2125
24,Research & Development,639,1,Research Scientist,2725,21630
26,Sales,641,2,Sales Executive,6272,7428
24,Research & Development,643,1,Laboratory Technician,2127,9100
50,Human Resources,644,5,Manager,18200,7999
25,Sales,645,1,Sales Representative,2096,26376
24,Research & Development,647,1,Laboratory Technician,2886,14168
30,Sales,648,1,Sales Representative,2033,14470
34,Research & Development,649,1,Research Scientist,3622,22794
31,Sales,650,2,,4233,11512
35,Research & Development,652,2,Laboratory Technician,3681,14004
31,Sales,653,2,Sales Executive,5460,6219
27,Research & Development,655,1,Research Scientist,2187,5013
37,Sales,656,2,Sales Executive,9602,3010
20,Research & Development,657,1,Research Scientist,2836,11757
42,Research & Development,659,2,Healthcare Representative,4089,5718
43,Research & Development,661,4,Research Director,16627,2671
38,Research & Development,662,1,Research Scientist,2619,14561
43,Research & Development,663,2,Laboratory Technician,5679,19627
48,Research & Development,664,4,Manager,15402,17997
44,Human Resources,665,2,Human Resources,5985,26894
34,Sales,666,701,Sales Representative,2579,2912
27,Sales,667,1,Sales Representative,3041,16346
21,Sales,669,1,Sales Representative,3447,24444
44,Research & Development,671,5,Manager,19513,9358
22,Research & Development,675,1,Research Scientist,2773,12145
33,Sales,677,2,Sales Executive,7104,20431
32,Research & Development,679,2,Research Scientist,6322,18089
30,Research & Development,680,1,Research Scientist,2083,22653
53,Sales,682,2,Sales Executive,8381,7507
34,Research & Development,683,1,Research Scientist,2691,7660
45,Sales,684,2,Sales Executive,4286,5630
26,Research & Development,686,1,Laboratory Technician,2659,17759
37,Research & Development,689,3,Manufacturing Director,9434,9606
29,Sales,690,2,Sales Executive,5561,3487
35,Research & Development,691,2,Research Scientist,6646,19368
33,Research & Development,692,2,Healthcare Representative,7725,5335
54,Human Resources,698,3,Human Resources,10725,6729
36,Research & Development,699,2,Manufacturing Director,8847,13934
27,Research & Development,700,1,Research Scientist,2045,15174
20,Research & Development,701,1,Research Scientist,1009,26999
33,Research & Development,702,1,Research Scientist,3348,3164
35,Research & Development,704,1,Laboratory Technician,1281,16900
23,Research & Development,705,1,Research Scientist,2819,8544
25,Sales,707,2,Sales Executive,4851,15678
38,Sales,709,2,Sales Executive,4028,7791
29,Research & Development,710,1,Research Scientist,2720,18959
48,Sales,712,2,Sales Executive,8120,18597
27,Sales,714,2,Sales Executive,4647,16673
37,Research & Development,715,1,Research Scientist,4680,15232
50,Research & Development,716,1,Laboratory Technician,3221,3297
34,Research & Development,717,3,Healthcare Representative,8621,17654
24,Sales,720,2,Sales Executive,4577,24785
39,Research & Development,721,2,Healthcare Representative,4553,20978
32,Sales,722,2,Sales Executive,5396,21703
50,Sales,723,,Sales Executive,6796,23452
38,Research & Development,724,2,Healthcare Representative,7625,19383
27,Research & Development,725,3,Manufacturing Director,7412,6009
32,Research & Development,727,3,Research Director,11159,19373
47,Sales,728,2,Sales Executive,4960,11825
40,Sales,729,3,Sales Executive,10475,23772
53,Research & Development,730,4,Research Director,14814,13514
41,Human Resources,731,5,Manager,19141,8861
50,Sales,732,2,Sales Executive,5405,11924
27,Research & Development,733,3,Manufacturing Director,8793,4809
41,Human Resources,734,5,Manager,19189,19562
50,Sales,738,1,Sales Representative,3875,9983
28,Research & Development,741,1,Research Scientist,2216,3872
36,Research & Development,742,3,Research Director,11713,20335
38,Research & Development,743,3,Manufacturing Director,7861,15397
44,Research & Development,744,1,Laboratory Technician,3708,2104
47,Sales,746,4,Sales Executive,13770,10225
30,Sales,747,2,Sales Executive,5304,25275
29,Sales,749,1,Sales Representative,2642,2755
42,Research & Development,752,1,Research Scientist,2759,20366
43,Sales,754,2,Sales Executive,6804,99923683
34,Research & Development,757,2,Healthcare Representative,6142,7360
23,Research & Development,758,1,Laboratory Technician,2500,4344
39,Human Resources,760,2,Human Resources,6389,18767
56,Research & Development,762,4,Healthcare Representative,11103,20420
40,Research & Development,763,1,Research Scientist,2342,22929
27,Research & Development,764,2,Healthcare Representative,6811,23398
29,Sales,766,1,Sales Representative,2297,17967
53,Research & Development,769,2,Laboratory Technician,2450,10919
35,Research & Development,771,2,Healthcare Representative,5093,4761
32,Research & Development,772,2,Laboratory Technician,5309,21146
38,Research & Development,773,1,Research Scientist,3057,20471
34,Research & Development,775,2,Manufacturing Director,5121,4187
52,Sales,776,4,Manager,16856,10084
33,Research & Development,780,1,Research Scientist,2686,5207
25,Sales,781,2,Sales Executive,6180,22807
45,Sales,783,2,Sales Representative,6632,12388
23,Research & Development,784,1,Research Scientist,3505,19630
47,Sales,785,2,Sales Executive,6397,10339
34,Sales,786,2,Sales Executive,6274,18686
55,Research & Development,787,5,Manager,19859,21199
36,Sales,789,3,Sales Executive,7587,14229
52,Research & Development,791,1,Research Scientist,4258,26589
26,Research & Development,792,500,Laboratory Technician,4364,5288
29,Research & Development,793,2,Healthcare Representative,4335,25549
26,Sales,796,2,Sales Executive,5326,3064
34,Research & Development,797,1,Research Scientist,3280,13551
54,Research & Development,799,2,Manufacturing Director,5485,22670
27,Sales,800,2,Sales Executive,4342,24008
37,Research & Development,802,1,Research Scientist,2782,19905
38,Research & Development,803,2,Manufacturing Director,5980,26085
34,Research & Development,804,1,Research Scientist,4381,7530
196,Sales,805,1,Sales Representative,2572,20317
30,Research & Development,806,1,Laboratory Technician,3833,24375
40,Research & Development,807,2,Healthcare Representative,4244,9931
34,Sales,808,2,Sales Executive,6500,13305
42,Research & Development,809,5,Manager,18430,16225
23,Research & Development,811,1,Laboratory Technician,1601,3445
24,Research & Development,812,1,Laboratory Technician,2694,26551
52,Research & Development,813,2,Laboratory Technician,3149,21821
50,Research & Development,815,4,Research Director,17639,6881
29,Research & Development,816,1,Laboratory Technician,2319,6689
33,Research & Development,817,3,Research Director,11691,25995
33,Sales,819,2,Sales Executive,5324,26507
47,Research & Development,820,4,Manager,16752,12982
36,Research & Development,823,2,Manufacturing Director,5228,23361
29,Research & Development,824,1,Research Scientist,2700,23779
48,Research & Development,825,5,Research Director,19246,25761
35,Research & Development,826,1,Research Scientist,2506,13301
42,Research & Development,827,2,Manufacturing Director,6062,4051
28,Research & Development,828,1,Research Scientist,4382,16374
36,Human Resources,829,1,Human Resources,2143,25527
32,Research & Development,830,2,Manufacturing Director,6162,19124
40,Research & Development,832,2,Laboratory Technician,5094,11983
30,Research & Development,833,2,Manufacturing Director,6877,20234
45,Research & Development,834,1,Research Scientist,2274,6153
42,Research & Development,836,2,Manufacturing Director,4434,11806
38,Research & Development,,2,Healthcare Representative,6288,4284
34,Research & Development,838,1,Research Scientist,2553,8306
49,Sales,840,3,Sales Executive,7654,5860
55,Sales,842,2,Sales Executive,5160,21519
43,Research & Development,843,4,Research Director,17159,5200
27,Research & Development,844,3,Research Director,12808,8842
35,Research & Development,845,3,Manufacturing Director,10221,18869
28,Sales,846,2,Sales Executive,4779,3698
34,Human Resources,847,1,Human Resources,3737,2243
26,Research & Development,848,1,Research Scientist,2366,20898
27,Research & Development,850,1,Research Scientist,1706,16571
51,Sales,851,4,Manager,16307,5594
44,Research & Development,852,2,Healthcare Representative,5933,5197
25,Research & Development,854,1,Research Scientist,3424,21632
33,Sales,855,2,Sales Executive,4037,21816
35,Research & Development,856,1,Research Scientist,2559,17852
36,Sales,857,2,Sales Executive,6201,2823
32,Sales,859,2,Sales Executive,4403,9250
30,Research & Development,861,1,Research Scientist,3761,2373
53,Sales,862,3,Sales Executive,10934,20715
45,Sales,864,3,Sales Executive,10761,19239
32,Research & Development,865,2,Research Scientist,5175,22162
52,Research & Development,867,4,Manufacturing Director,13826,19028
37,Sales,868,2,Sales Executive,6334,24558
28,Human Resources,869,1,Human Resources,4936,23965
22,Research & Development,872,2,Manufacturing Director,4775,19146
44,Research & Development,874,1,Laboratory Technician,2818,5044
42,Research & Development,875,1,Research Scientist,2515,9068
36,Human Resources,878,1,Human Resources,2342,8635
25,Sales,879,2,Sales Executive,4194,14363
35,Research & Development,880,3,Manufacturing Director,10685,23457
35,Research & Development,881,1,Research Scientist,2022,16612
32,Research & Development,882,1,Laboratory Technician,2314,9148
25,Sales,885,2,Sales Executive,4256,18154
49,Research & Development,887,1,Research Scientist,3580,10554
24,Research & Development,888,1,Laboratory Technician,3162,10778
32,Sales,889,2,Sales Executive,6524,8891
38,Sales,893,1,Sales Representative,2899,12102
42,Research & Development,894,2,Laboratory Technician,5231,23726
31,Research & Development,895,1,Research Scientist,2356,14871
29,Sales,896,1,Sales Representative,2800,23522
53,Sales,897,4,Sales Executive,11836,22789
35,Research & Development,899,3,Manufacturing Director,10903,9129
37,Sales,900,1,Sales Representative,2973,21222
53,Research & Development,901,4,Research Director,14275,20206
43,Research & Development,902,2,Healthcare Representative,5562,21782
47,Sales,903,2,Sales Executive,4537,17783
37,Sales,904,3,Sales Executive,7642,4814
50,Research & Development,905,4,Manager,17924,4544
39,Human Resources,909,2,Human Resources,5204,7777790
33,Human Resources,910,1,Human Resources,2277,22650
32,Research & Development,911,1,Laboratory Technician,2795,18016
29,Research & Development,912,1,Laboratory Technician,2532,6054
44,Research & Development,913,1,Research Scientist,2559,7508
28,Sales,916,2,Sales Executive,4908,24252
48,Research & Development,918,1,Laboratory Technician,2380,13384
43,Research & Development,920,2,Manufacturing Director,4765,23814
20,Sales,922,1,Sales Representative,2044,22052
21,Research & Development,923,1,Research Scientist,2693,8870
36,Research & Development,924,2,Healthcare Representative,6586,4821
47,Sales,925,1,Sales Representative,3294,13137
22,Research & Development,926,2,Manufacturing Director,4171,10022
41,Research & Development,927,1,Laboratory Technician,2778,17725
28,Research & Development,930,1,Research Scientist,2377,9834
39,Research & Development,932,1,Laboratory Technician,2404,4303
27,Research & Development,933,1,Research Scientist,2318,17808
34,Research & Development,934,1,Laboratory Technician,2008,6896
42,Sales,936,2,Sales Executive,6244,7824
33,Research & Development,939,1,Research Scientist,2799,3339
48,Research & Development,940,3,Healthcare Representative,10552,9255
31,Sales,941,1,Sales Representative,2329,11737
35,Research & Development,942,2,Healthcare Representative,4014,19170
49,Research & Development,944,3,Laboratory Technician,7403,22477
48,Research & Development,945,1,Research Scientist,2259,5543
31,Sales,947,2,Sales Executive,6932,24406
36,Research & Development,949,1,Research Scientist,4678,23293
38,Research & Development,950,3,Research Director,13582,16292
32,Research & Development,951,1,Laboratory Technician,2332,3974
25,Sales,952,1,Sales Representative,2413,18798
40,Sales,954,3,Sales Executive,9705,20652
26,Sales,956,2,Sales Executive,4294,11148
41,Research & Development,957,1,Laboratory Technician,4721,3119
36,Research & Development,958,1,Laboratory Technician,2519,12287
,Sales,959,1,Sales Representative,2121,9947
20,Research & Development,960,1,Laboratory Technician,2973,13008
31,Research & Development,961,2,Healthcare Representative,5855,17369
40,Research & Development,964,1,Research Scientist,3617,25063
32,Research & Development,966,2,Manufacturing Director,6725,13554
36,Sales,967,3,Sales Executive,10325,5518
33,Research & Development,969,2,Healthcare Representative,6949,12291
37,Sales,970,3,Sales Executive,10609,14922
45,Research & Development,972,2,Laboratory Technician,4447,23163
29,Sales,974,1,Sales Representative,2157,18203
35,Sales,975,2,Sales Executive,4601,6179
52,Research & Development,976,4,Manager,17099,13829
48,Research & Development,977,1,Research Scientist,2479,26227
53,Sales,981,4,Manager,14852,13938
30,Sales,982,3,Sales Executive,7264,9977
38,Sales,983,2,Sales Executive,5666,19899
35,Sales,984,3,Sales Executive,7823,6812
39,Sales,985,3,Sales Executive,7880,2560
40,Sales,986,4,Sales Executive,13194,17071
47,Research & Development,987,2,Manufacturing Director,5067,6759
36,Sales,990,2,Sales Executive,5079,25952
31,Research & Development,991,1,Research Scientist,2321,10322
33,Sales,992,4,Manager,17444,20489
29,Research & Development,994,1,Research Scientist,2404,11479
33,Research & Development,995,1,Research Scientist,3452,17241
45,Research & Development,996,1,Laboratory Technician,66662270,11005
50,Research & Development,997,4,Research Director,17399,6615
33,Research & Development,998,2,Healthcare Representative,5488,20161
41,Research & Development,999,5,Research Director,19419,3735
27,Research & Development,1001,1,Laboratory Technician,2811,12086
45,Research & Development,1002,2,Laboratory Technician,3633,14039
47,Sales,1003,2,Sales Executive,4163,8571
30,Research & Development,1004,1,Research Scientist,2132,11539
50,Research & Development,1005,4,Manufacturing Director,13973,4161
38,Research & Development,1006,1,Research Scientist,2684,12127
46,Research & Development,1007,3,Manufacturing Director,10845,24208
24,Research & Development,1009,2,Manufacturing Director,4377,24117
35,Research & Development,1010,1,Laboratory Technician,3743,10074
31,Research & Development,1011,2,Manufacturing Director,4148,11275
18,Research & Development,1012,1,Research Scientist,1051,
54,Research & Development,1013,3,Manufacturing Director,10739,13943
35,Research & Development,1014,3,Healthcare Representative,10388,6975
30,Research & Development,1015,3,Research Director,11416,17802
20,Research & Development,1016,1,Research Scientist,2600,18275
30,Research & Development,1017,1,Laboratory Technician,2422,25725
26,Research & Development,1018,2,Manufacturing Director,5472,3334
22,Research & Development,1019,1,Laboratory Technician,2451,6881
48,Research & Development,1022,2,Healthcare Representative,4240,13119
48,Research & Development,1024,3,Healthcare Representative,10999,22245
41,Research & Development,1025,2,Manufacturing Director,5003,23371
39,Research & Development,1026,4,Manufacturing Director,12742,7060
27,Research & Development,1027,2,Manufacturing Director,4227,4658
35,Research & Development,1028,1,Laboratory Technician,3917,9541
42,Sales,1029,5,Manager,18303,7770
50,Research & Development,1030,1,Laboratory Technician,2380,20165
59,Research & Development,1032,4,Manufacturing Director,13726,21829
37,Research & Development,1033,2,Healthcare Representative,4777,14382
55,Research & Development,1034,2,Healthcare Representative,6385,12992
391,Research & Development,1035,5,Research Director,19973,20284
38,Sales,1036,2,Sales Executive,6861,4981
26,Sales,1037,2,Sales Executive,4969,21813
52,Sales,1038,5,Manager,19845,25846
44,Sales,1039,4,Sales Executive,13320,11737
50,Sales,1040,2,Sales Executive,6347,24920
36,Research & Development,1042,1,Laboratory Technician,2743,8269
39,Research & Development,1043,3,Manufacturing Director,10880,5083
33,Sales,1044,1,Sales Representative,2342,21437
45,Sales,1045,4,Manager,17650,5404
32,Research & Development,1046,1,Laboratory Technician,4025,11135
34,Sales,1047,2,Sales Executive,9725,12278
59,Sales,1048,3,Manager,11904,11038
45,Human Resources,1049,1,Human Resources,2177,8318
53,Sales,1050,3,Sales Executive,7525,23537
36,Research & Development,1052,2,Laboratory Technician,4834,7858
26,Research & Development,1053,1,Research Scientist,2042,15346
34,Sales,1055,1,Sales Representative,2220,18410
28,Sales,1056,1,Sales Representative,1052,23384
38,Research & Development,1060,1,Research Scientist,2821,2997
50,Research & Development,1061,5,Research Director,19237,12853
37,Research & Development,1062,2,Healthcare Representative,4107,13848
40,Sales,1066,2,Sales Executive,8396,22217
26,Research & Development,1068,1,Research Scientist,2007,25265
46,Research & Development,1069,5,Research Director,19627,21445
54,Sales,1070,3,Sales Executive,10686,8392
56,Research & Development,1071,1,Research Scientist,2942,12154
36,Research & Development,1073,3,Manufacturing Director,8858,15669
55,Research & Development,1074,4,Manager,16756,17323
43,Sales,1076,3,Sales Executive,10798,5268
20,Sales,1077,1,Sales Representative,2323,17205
21,Research & Development,1079,1,Laboratory Technician,1416,17258
46,Research & Development,1080,2,Research Scientist,4615,21029
51,Research & Development,1081,1,Research Scientist,2461,10332
28,Research & Development,1082,3,Healthcare Representative,8722,12355
26,Research & Development,1083,1,Laboratory Technician,3955,11141
30,Research & Development,1084,2,Manufacturing Director,9957,9096
41,Research & Development,1085,1,Research Scientist,3376,18863
38,Research & Development,1088,3,Healthcare Representative,8823,24608
40,Research & Development,1092,3,Healthcare Representative,10322,26542
27,Research & Development,1094,1,Laboratory Technician,4621,5869
55,Research & Development,1096,3,Manufacturing Director,10976,15813
28,Research & Development,1097,2,Research Scientist,3660,7909
44,Human Resources,1098,3,Human Resources,10482,2326
33,Research & Development,1099,3,Healthcare Representative,7119,21214
35,Sales,1100,3,Sales Executive,9582,10333
33,Research & Development,1101,2,Research Scientist,4508,3129
28,Research & Development,1102,1,Laboratory Technician,2207,22482
34,Research & Development,1103,2,Healthcare Representative,7756,22266
37,Sales,1105,2,Sales Executive,6694,24223
25,Research & Development,1106,1,Laboratory Technician,3691,4605
26,Research & Development,1107,1,Laboratory Technician,2377,19373
33,Research & Development,1108,1,,2313,2993
42,Research & Development,1109,4,Manager,17665,14399
28,Research & Development,1111,1,Laboratory Technician,2596,7160
50,Sales,1113,2,Sales Executive,4728,17251
33,Sales,1114,2,Sales Executive,4302,13401
34,Research & Development,1115,1,Research Scientist,2979,22478
48,Research & Development,1116,4,Manager,16885,16154
45,Sales,1117,2,Sales Executive,5593,17970
52,Research & Development,1118,3,Healthcare Representative,10445,15322
38,Sales,1119,3,Sales Executive,8740,5569
29,Research & Development,1120,1,Research Scientist,2514,26968
28,Research & Development,1121,3,Manufacturing Director,7655,8039
46,Sales,1124,4,Manager,17465,15596
38,Sales,1125,3,Sales Executive,7351,20619
43,Research & Development,1126,3,Manufacturing Director,10820,11535
39,Research & Development,1127,4,Healthcare Representative,12169,13547
40,Research & Development,1128,5,Research Director,19626,17544
21,Research & Development,1131,1,Research Scientist,2070,25326
39,Research & Development,1132,2,Laboratory Technician,6782,8770
36,Research & Development,1133,2,Manufacturing Director,7779,23238
31,Sales,1135,1,Sales Representative,2791,21981
28,Research & Development,1136,1,Research Scientist,3201,19911
99,Sales,1137,2,Sales Executive,4968,18500
35,Sales,1138,4,Sales Executive,13120,11879
35,Research & Development,1140,2,Manufacturing Director,4033,15834
35,Research & Development,1143,1,Research Scientist,3291,17940
35,Research & Development,1148,2,Laboratory Technician,4272,9558
35,Research & Development,1150,2,Manufacturing Director,5056,17689
35,Human Resources,1152,1,Human Resources,2844,6004
35,Research & Development,1154,1,Research Scientist,2703,22088
35,Research & Development,1156,1,Laboratory Technician,1904,13556
35,Sales,1157,2,Sales Executive,8224,18385
35,Research & Development,1158,1,Laboratory Technician,4766,9051
35,Research & Development,1160,1,Laboratory Technician,2610,6233
35,Research & Development,1161,2,Healthcare Representative,5731,17171
35,Research & Development,1162,1,Research Scientist,2539,7950
35,Sales,1163,2,Sales Executive,5714,5829
35,Human Resources,1164,1,Human Resources,4323,7108
35,Sales,1165,3,Sales Executive,7336,11162
35,Research & Development,1166,3,Research Director,13499,13782
35,Sales,1167,4,Sales Executive,13758,2447
35,Sales,1171,,Sales Executive,5155,2253
35,Research & Development,1172,1,Laboratory Technician,2258,16340
35,Research & Development,1173,1,Laboratory Technician,3597,6409
35,Research & Development,1175,1,Laboratory Technician,2515,22955
35,Research & Development,1177,1,Laboratory Technician,4420,13421
35,Sales,1179,2,Sales Executive,6578,2706
35,Research & Development,1180,2,Research Scientist,4422,21203
35,Research & Development,1182,3,Manufacturing Director,10274,19588
35,Research & Development,1184,2,Healthcare Representative,5343,25755
35,Research & Development,1185,1,Laboratory Technician,2376,26537
35,Sales,1188,2,Sales Executive,5346,9489
35,Sales,1190,1,Sales Representative,2827,14947
35,Research & Development,1191,5,Manager,19943,18575
35,Research & Development,1192,1,Laboratory Technician,3131,26342
35,Research & Development,1193,1,Research Scientist,2552,7172
35,Research & Development,1195,1,Research Scientist,4477,20100
35,Research & Development,1196,2,Manufacturing Director,6474,9961
35,Research & Development,1198,1,Laboratory Technician,3033,12828
35,Research & Development,1200,1,Research Scientist,2936,10826
35,Research & Development,1201,5,Manager,18606,18640
35,Research & Development,1202,1,Research Scientist,2168,26933
35,Research & Development,1203,1,Research Scientist,2853,4223
35,Sales,1204,4,Manager,17048,24097
35,Research & Development,1206,1,Research Scientist,2290,4279
35,Human Resources,1207,1,Human Resources,3600,8429
35,Research & Development,1210,1,Research Scientist,2107,20293
35,Sales,1211,2,Sales Executive,4115,13192
35,Sales,1212,2,Sales Executive,4327,25440
35,Research & Development,1215,4,Manager,17856,9490
35,Research & Development,1216,1,Laboratory Technician,3196,12449
35,Research & Development,1217,5,Research Director,19081,10849
35,Sales,1218,2,Sales Executive,8966,21026
35,Research & Development,1219,1,Laboratory Technician,2210,3372
35,Sales,1220,2,Sales Executive,4539,4905
35,Research & Development,1221,1,Laboratory Technician,2741,6865
35,Research & Development,1224,2,Laboratory Technician,3491,11309
35,Research & Development,1225,2,Research Scientist,4541,7744
35,Sales,1226,1,Sales Representative,2678,5050
35,Research & Development,1228,2,Manufacturing Director,7379,17433
35,Human Resources,1231,2,Human Resources,6272,12858
35,Sales,1233,2,Sales Executive,5220,10893
35,Research & Development,1234,111,Laboratory Technician,2743,7331
35,Research & Development,1235,2,Research Scientist,4998,2338
35,Research & Development,1237,3,Manufacturing Director,10252,4235
35,Research & Development,1238,1,Research Scientist,2781,6311
35,Sales,1239,2,Sales Executive,6852,11591
35,Sales,1240,2,Sales Executive,4950,20623
35,Research & Development,1241,1,Research Scientist,3579,9369
35,Research & Development,1242,3,Research Director,13191,23281
35,Sales,1243,3,Sales Executive,10377,13755
35,Research & Development,1244,1,,2235,14377
35,Research & Development,1245,3,Manufacturing Director,10502,9659
35,Research & Development,1246,1,Research Scientist,2011,19982
35,Research & Development,1248,1,Research Scientist,1859,6148
35,Research & Development,1249,1,Research Scientist,3760,5598
35,Research & Development,1250,4,Research Director,17779,23474
35,Research & Development,1251,2,Healthcare Representative,6833,17089
35,Research & Development,1252,2,Healthcare Representative,6812,17198
35,Sales,1254,2,Sales Executive,5171,16490
35,Research & Development,1255,5,Research Director,19740,18625
35,Research & Development,1256,5,Manager,18711,12124
35,Research & Development,1257,1,Research Scientist,3692,9256
35,Research & Development,1258,1,Laboratory Technician,2559,16620
,Research & Development,1259,1,Research Scientist,2517,3208
35,Research & Development,1260,2,Healthcare Representative,6623,4204
35,Research & Development,1263,5,Research Director,18265,8733
35,Research & Development,1264,4,Research Director,16124,3423
35,Research & Development,1265,1,Research Scientist,2585,21643
35,Sales,1267,5,Manager,18213,8751
35,Sales,1268,3,Sales Executive,8380,21708
35,Research & Development,1269,1,Research Scientist,2994,21221
35,Research & Development,1270,1,Research Scientist,1223,16901
35,Sales,1273,1,Sales Representative,1118,8040
35,Research & Development,1275,1,Research Scientist,2875,9973
35,Sales,1277,5,Manager,18824,2493
35,Research & Development,1278,4,Healthcare Representative,13577,25592
35,Research & Development,1279,1,Laboratory Technician,2625,25308
35,Sales,1280,5,Manager,18789,9946
35,Sales,1281,2,Sales Executive,4538,6039
35,Sales,1282,5,Manager,19847,19196
35,Research & Development,1283,3,Manufacturing Director,10512,20002
35,Research & Development,1285,2,Laboratory Technician,4444,22534
35,Research & Development,1286,1,Laboratory Technician,2154,6842
35,Research & Development,1288,5,Manager,19190,17477
35,Human Resources,1289,2,Human Resources,4490,21833
35,Research & Development,1291,1,Research Scientist,3506,6020
35,Research & Development,1292,2,Research Scientist,2372,5628
35,Sales,1293,3,Sales Executive,199910231,20364
35,Research & Development,1294,2,Manufacturing Director,5410,2323
35,Research & Development,1295,3,Healthcare Representative,7978,14075
35,Research & Development,1296,1,Laboratory Technician,3867,14222
35,Research & Development,1297,1,Laboratory Technician,2838,4257
35,Research & Development,1298,2,Manufacturing Director,4695,12858
35,Research & Development,1299,1,Laboratory Technician,3339,17285
35,Research & Development,1301,1,Research Scientist,2080,4732
35,Research & Development,1303,1,Research Scientist,2096,18830
35,Sales,1304,2,Sales Executive,6209,11693
35,Research & Development,1306,5,Manager,18061,13035
35,Research & Development,1307,4,Manager,17123,17334
35,Research & Development,1308,1,Research Scientist,2372,26076
35,Research & Development,1309,2,Laboratory Technician,4883,22845
35,Research & Development,1310,1,Research Scientist,3904,22154
35,Research & Development,1311,2,Laboratory Technician,4627,23631
35,Research & Development,1312,3,Healthcare Representative,7094,
35,Human Resources,1314,1,Human Resources,3423,22957
35,Research & Development,1315,2,Laboratory Technician,6674,16392
35,Research & Development,1317,4,Research Director,16880,22422
35,Sales,1318,3,Sales Executive,9094,17235
35,Sales,1319,3,Sales Executive,8446,21534
35,Research & Development,1321,3,Manager,11916,25927
35,Research & Development,1322,2,Manufacturing Director,4534,13352
35,Sales,1324,3,Sales Executive,9852,8935
35,Sales,1329,2,Sales Executive,6151,22074
35,Sales,1331,1,Sales Representative,2302,8319
35,Research & Development,1333,1,Laboratory Technician,2362,14669
35,Research & Development,1334,4,Manager,17861,26582
35,Research & Development,1336,5,Manager,19187,6992
35,Human Resources,1338,5,Manager,19717,4022
35,Research & Development,,1,Research Scientist,3544,8532
35,Research & Development,1344,3,Healthcare Representative,8500,5494
35,Research & Development,1346,2,Research Scientist,4661,22455
35,Sales,1349,2,Sales Executive,4103,4297
35,Research & Development,1350,2,Research Scientist,4249,2690
35,Human Resources,1352,4,Manager,14026,17588
35,Sales,1355,2,Sales Executive,6893,19461
35,Sales,1356,2,Sales Executive,6125,23553
35,Research & Development,1358,1,Laboratory Technician,3669,9075
35,Research & Development,1360,3,Manufacturing Director,10008,12023
35,Research & Development,1361,1,Laboratory Technician,2387,6762
35,Sales,,2,Sales Executive,4639,2261
35,Research & Development,1363,3,Manufacturing Director,7898,18706
35,Sales,1364,1,Sales Representative,2534,6527
35,Research & Development,1367,4,Manufacturing Director,13142,24439
35,Research & Development,1368,1,Laboratory Technician,1611,19305
35,Research & Development,1369,2,Laboratory Technician,5363,10846
35,Sales,1371,2,Sales Executive,5071,20392
35,Sales,1372,4,Sales Executive,13695,99999277
35,Research & Development,1373,4,Manufacturing Director,13402,18235
35,Research & Development,1374,1,Research Scientist,2029,15891
35,Research & Development,1375,2,Healthcare Representative,6377,13888
35,Research & Development,1377,2,Laboratory Technician,5429,17491
35,Sales,1379,1,Sales Representative,2785,11882
35,Sales,1380,2,Sales Executive,4614,23288
35,Research & Development,1382,1,Research Scientist,2610,15748
35,Research & Development,1383,2,Healthcare Representative,6687,6163
35,Sales,1387,2,Sales Executive,4724,24232
35,Research & Development,1389,2,Manufacturing Director,6179,21057
35,Sales,1390,2,Sales Executive,6120,3567
35,Sales,1391,3,Sales Executive,10596,15395
35,Research & Development,1392,2,Research Scientist,5467,13953
35,Research & Development,1394,1,Research Scientist,2996,5182
35,Sales,1395,2,Sales Executive,9998,19293
35,Sales,1396,2,Sales Executive,4078,20497
35,Research & Development,1397,3,Healthcare Representative,10920,3449
35,Sales,1399,,Sales Executive,6232,12477
35,Research & Development,1401,4,Manufacturing Director,13247,9731
35,Research & Development,1402,2,Research Scientist,4081,20003
35,,1403,2,Sales Executive,5769,7100
35,Research & Development,1405,1,Research Scientist,2394,25681
35,Research & Development,1407,1,Research Scientist,3904,4050
